Address,District,Longitude,Latitude
FAKIRHAT BAGERHAT,Bagerhat,22.7244,89.657
AKBARSHAH CTG,Chattogram,22.3569,91.7832
CHANDGAON CTG,Chattogram,22.371,91.8436
HALISHAHAR CTG,Chattogram,22.3233,91.7915
RAMGANJ LUXMIPUR,Lakshmipur,23.1038,90.9483
SANDWIP CTG,Chattogram,22.5145,91.4548
SADAR LUXMIPUR,Lakshmipur,22.9446,90.8308
BALAGHATA BANDARBAN,Bandarban,22.1953,92.2278
LALMONIRHAT RANGPUR,Rangpur,25.9923,89.2847
FATIKCHARI CTG,Chattogram,22.6927,91.7915
CHANDAON CTG,Chattogram,22.365,91.8123
PAHARTALI CTG,Chattogram,22.3775,91.803
HATHAJARI CTG,Chattogram,22.514,91.799
SADAR CHANDPUR,Chandpur,23.2331,90.6714
KODOMTOLI DHAKA,Dhaka,23.7253,90.4203
KANCHANPUR B-BARIA,Brahmanbaria,23.9645,91.1115
BAIZID CTG,Chattogram,22.3823,91.8216
CAGOLNAIYA FENI,Feni,23.029,91.4511
NABINAGAR B-BARIA,Brahmanbaria,23.887,90.9716
MIRESHARAI CTG,Chattogram,22.7754,91.5526
SITAKUNDA CTG,Chattogram,22.6194,91.6593
DOUBLEMURING CTG,Chattogram,22.3383,91.8303
LALMOHON BHOLA,Bhola,22.3384,90.7356
SADARGHAT CTG,Chattogram,22.3332,91.8365
POSURAM FENI,Feni,23.0935,91.3966
ANOWARA CTG,Chattogram,22.2066,91.7993
CHODDOGRAM CUMILLA,Cumilla,23.421,91.2676
MOKSUDPUR GOPALGANJ,Gopalganj,23.185,89.8937
SENBAG NOAKHALI,Noakhali,22.9549,91.1946
KHULSI CTG,Chattogram,22.3666,91.819
BOALKHALI CTG,Chattogram,22.2708,91.9194
RANGUNIA CTG,Chattogram,22.4535,91.9859
SATKANIA CTG,Chattogram,22.0759,92.0473
RAMGOTI NOAKHALI,Noakhali,22.6738,90.9447
PATIYA CTG,Chattogram,22.2595,91.982
BAKALIC CTG,Chattogram,22.3383,91.832
BASHKHALI CTG,Chattogram,22.0334,91.9602
BOROKHOLA BARISHAL,Barishal,22.701,90.3535
BEGUMGANJ NOAKHALI,Noakhali,22.9619,91.1106
KAUKHALI RANGAMATI,Rangamati,22.7158,91.8517
HOSSAINPUR KISHORGANJ,Kishoreganj,24.4214,90.861
FOZDARHAT CTG,Chattogram,22.4314,91.7722
RAOJAN CTG,Chattogram,22.5195,91.9193
CHAKARIYA COX'S BAZAR,Cox's Bazar,21.8221,92.0734
CHANDGON CTG,Chattogram,22.3748,91.8396
ULLAPARA SIRAJGANJ,Sirajganj,24.3294,89.5737
CHAKARIA COX'S BAZAR,Cox's Bazar,21.8221,92.0734
MURADNAGAR CUMILLA,Cumilla,23.6288,90.986
BIKRAMPUR DHAKA,Dhaka,23.553,90.4803
HAINCHAR CHANDPUR,Chandpur,23.0746,90.6373
"SADAR, FENI",Feni,23.0159,91.3979
DAOUDKANDI CUMILLA,Cumilla,23.5608,90.7065
ULIPUR KURIGRAM,Kurigram,25.8287,89.5672
PACHLAISH CTG,Chattogram,22.3723,91.8216
CHAKARIA COX'S BAZAR,Cox's Bazar,21.8221,92.0734
RAMGOTI LUXMIPUR,Lakshmipur,22.6738,90.9447
FULPUR MOIMONSING,Mymensingh,24.9953,90.3511
FARIDGANJ CHANDPUR,Chandpur,23.2026,90.8075
NANGOLKOT CUMILLA,Cumilla,23.2054,91.048
SADAR COX'S BAZAR,Cox's Bazar,21.4272,92.0058
RAJAPUR JALAKHATI,Jhalokathi,22.6366,90.1964
DAGUNBHUIYA FENI,Feni,23.0206,91.3966
KOTOWALI CTG,Chattogram,22.3569,91.8413
SATHIYA PABNA,Pabna,24.1788,89.5609
SAHRASTI CHANDPUR,Chandpur,23.2423,90.8142
FIROZSHAH CTG,Chattogram,22.3549,91.8124
CHAGOLNAIYA CTG,Chattogram,22.36,91.8
JORARGANJ CTG,Chattogram,22.6918,91.5639
CHATKHIL NOAKHALI,Noakhali,22.9598,91.2011
GORONADI BARISHAL,Barishal,22.9753,90.229
DAUDKANDI CTG,Chattogram,23.5608,90.7065
DAUDKANDI CUMILLA,Cumilla,23.5608,90.7065
LAKSAM CUMILLA,Cumilla,23.2394,91.119
SORAIL B-BARIA,Brahmanbaria,24.0187,91.117
SADAR NILFAMARI,Nilphamari,25.9317,88.856
CHANDINA CUMILLA,Cumilla,23.3389,91.0069
COMAPNIGANJ NOIAKHALI,Noakhali,22.8284,91.0973
DAUDKANDI CUMIILA,Cumilla,23.5608,90.7065
COMPANIGANJ NOAKHALI,Noakhali,22.8284,91.0973
BAKALIA CTG,Chattogram,22.3346,91.8319
SUBARNACHAR CTG,Chattogram,22.8605,91.0892
SADAR NOAKHALI,Noakhali,22.8344,91.0977
BAKERGAJ BARISAL,Barishal,22.6943,90.3617
MOTBARIA FIROJPUR,Firozpur,22.578,90.2017
LUXMIPUR NOAKHALI,Noakhali,22.9416,90.8415
PACHLAISH CTG B,Chattogram,22.3723,91.8216
MOROLGANJ BAGERHAT,Bagerhat,22.455,89.8535
NOAKHALI LUXMIPUR,Lakshmipur,22.9446,90.8308
LOHAGORA CHITTAGONG,Chattogram,22.0936,91.911
KARNAFULLY CTG,Chattogram,22.2585,91.8687
"RAMGOTI LUX,MIPUR",Lakshmipur,22.6738,90.9447
SADAR BHOLA,Bhola,22.6878,90.644
HATIYA NOAKHALI,Noakhali,22.3833,91.0982
CHANDINA CTG,Chattogram,23.3389,91.0069
RAOZAN CTG,Chattogram,22.5195,91.9193
LAKSHAM CUMILLA,Cumilla,23.2394,91.119
BAKALI CTG,Chattogram,22.3346,91.8319
CHANDGAO CTG,Chattogram,22.3748,91.8396
RAIPUR LUXMIPUR,Lakshmipur,22.9427,90.7754
AGRABAD CTG,Chattogram,22.3398,91.8074
ANOWAA CTG,Chattogram,22.3569,91.8413
SRIPUR MAGURA,Magura,23.4965,89.4192
"JOMADERGRAM, MIRSARAI, CTG",Chattogram,22.7785,91.5757
BURICHAR CUMILLA,Cumilla,23.3701,91.1196
CHANDANAISH CTG,Chattogram,22.108,92.0058
CHANDAISH CTG,Chattogram,22.108,92.0058
BHOJPUR CTG,Chattogram,22.2211,92.0447
KATGHAR POTENGA CTG,Chattogram,22.2363,91.7936
SADAR NETROKONA,Netrokona,24.882,90.7277
EIDGHAH CTG,Chattogram,22.2399,91.828
TECNAF COX'S BAZAR,Cox's Bazar,20.8638,92.3014
GIOR MANIKGANJ,Manikganj,23.8614,90.0038
BABUGANJ BARISAL,Barishal,22.7398,90.3748
PEKUA COX'S BAZAR,Cox's Bazar,21.7008,91.958
CHANDPUR CUMILLA,Cumilla,23.2338,91.0569
BORURA CUMILLA,Cumilla,23.1947,91.0119
UJANCHAR B-BARIA,Brahmanbaria,23.9641,91.1116
KABIRHAT NOAKHALI,Noakhali,22.8738,91.0985
HATIYTA NOAKHAOLI,Noakhali,22.378,91.1101
TECHNAF COX'SBAZAR,Cox's Bazar,20.8638,92.3014
CHARFASION BHOLA,Bhola,22.033,90.7133
CHAWKBAZAR CTG,Chattogram,22.3569,91.8413
SADAR SIRAJGANJ,Sirajganj,24.4534,89.7007
MONOHORGANJ CUMILLA,Cumilla,23.205,91.1501
BAIJITPUR KISORGANJ,Kishoreganj,24.221,90.9516
LALKHANBAZAR KHULSI CTG,Chattogram,22.3647,91.8395
RAMU COX'S BAZAR,Cox's Bazar,21.4565,92.0773
MOROLGANJ KHULNA,Khulna,22.455,89.8535
PANCHALAISH CTG,Chattogram,22.3748,91.8413
CHATKHIL NOAKHALI CTG,Noakhali,22.9598,91.2011
BOSURHAT NOAKHALI,Noakhali,22.8783,91.0988
MORELGANJ BAGERHAT,Bagerhat,22.455,89.8535
SHIBCHAR MADARIPUR,Madaripur,23.4224,90.2059
HATHAZARI CTG,Chattogram,22.5032,91.8074
NOBINAGAR B-BARIA,Brahmanbaria,23.9889,91.2043
THANARHAT NOAKHALI,Noakhali,22.9788,91.0984
KULAURA MOULOVIBAZAR,Moulvibazar,24.515,91.5868
BAGERHAT KHULNA,Khulna,22.6555,89.785
CHAGOLNAIYA FENI,Feni,23.035,91.4189
DURGAPUR NETROKONA,Netrokona,25.1225,90.695
KABIRHAT NOAKHALI,Noakhali,22.8738,91.0985
ANOWER CTG,Chattogram,22.3569,91.8413
DEVIDDAR CUMILLA,Cumilla,23.5374,91.0422
MATIRANGA KHAGRACHARI,Khagrachari,22.9471,91.9566
KOTBARI NOAKHALI,Noakhali,22.8344,91.0977
CHARFASIHION BHOLA,Bhola,22.033,90.7133
KOCHUA BAGERHAT,Bagerhat,22.6491,89.7789
RAWJAN CTG,Chattogram,22.5195,91.9193
SADAR CUMILLA,Cumilla,23.458,91.1809
UTTAR GIDARI GAIBANDA,Gaibandha,25.3286,89.5423
SUBARNACHAR NOAKHALI,Noakhali,22.8037,91.0415
DAGUNBHUIYAN FENI,Feni,23.0227,91.3792
SHARUPKATHI FIROJPUR,Firozpur,22.6978,89.9692
SAHJAHANPUR BAGURA,Bogura,24.8467,89.373
SONAIMURI NOAKHALI,Noakhali,22.8845,91.0969
BHUJPUR CTG,Chattogram,22.3579,91.7972
SHAHABASTI CHANDPUR,Chandpur,23.2524,90.6382
LOHAGORA CTG,Chattogram,22.0386,91.8728
MODON NETROKONA,Netrokona,24.878,90.7286
PILGASA RONGPUR,Rangpur,25.7654,89.2516
RAWZAN CTG,Chattogram,22.5047,91.9125
HAJIGANJ CUMILLA,Cumilla,23.2537,90.8565
BASHKHSLI CTG,Chattogram,22.1288,91.8505
MURADNAGAR CTG,Chattogram,23.6314,91.1035
SADAR BARISHAL,Barishal,22.701,90.3535
BOALKAHALI CTG,Chattogram,22.3565,91.8003
BEGAMGANJ NAOKHALI,Noakhali,22.9206,91.1005
KUTUBDIA COX'S BAZAR,Cox's Bazar,21.8197,91.8612
TITAS CUMILLA,Cumilla,23.5674,90.9729
LAMA BANDARBAN,Bandarban,21.6164,92.1794
CHAR JABBAR NOAKHALI,Noakhali,22.9128,91.0765
MIRESHARAI CTG,Chattogram,22.7765,91.5699
EIDGHAH COX'S BAZAR,Cox's Bazar,21.431,92.0065
DOHA DHAKA,Dhaka,23.7337,90.3926
KOTOWALI CUMILLA,Cumilla,23.464,91.1801
MONOHORHANJ CUMILLA,Cumilla,23.206,91.1201
RAIFUR LUXMIPUR,Laxmipur,22.9417,90.8414
MANIKCHARI KHAGRACHARI,Khagrachari,22.9363,91.8748
DAWUDKANDI CUMILLA,Cumilla,23.4845,90.7141
KOSBA B-BARIA,Brahmanbaria,23.6664,91.1478
GAFARGAON MOIMONSING,Mymensingh,24.4072,90.5192
ANOWARAC CTG,Chattogram,22.272,91.825
CHAWKBAZAR CTGV,Chattogram,22.3569,91.8413
RAJJAN CTG,Chattogram,22.5586,91.7869
KHULSI CTGV,Chattogram,22.3748,91.8258
PIRGACHA RANGPUR,Rangpur,25.7908,89.3346
SADAR KUSTIA,Kushtia,23.9013,89.1202
MAIJDEE NOAKHALI,Noakhali,22.8968,91.1005
BANDAR CTG,Chattogram,22.3351,91.8328
BANDARBAN,Bandarban,22.1953,92.2184
SANDIP CTG,Chattogram,22.5667,91.3833
FEKUA COX'S BAZAR,Cox's Bazar,21.7008,91.9701
BAUFOL POTUAKHALI,Patuakhali,22.3771,90.5591
MOHALCHARI KHAGRACHARI,Khagrachari,22.8425,91.9562
TECKNAF COX'S BAZAR,Cox's Bazar,20.8638,92.3014
DAGUNBHUIYA FENI,Feni,23.0227,91.3792
SATKANAI CTG,Chattogram,22.0662,91.9812
SONAGAZI FENI,Feni,22.9306,91.3849
SADAR JASSAR,Jashore,23.1667,89.2167
KHUSLIS CTG,Chattogram,22.3748,91.8258
CHAKARIA CTG,Chattogram,22.0772,92.133
KUTUBDIA COX'S BAZAR,Cox's Bazar,21.8197,91.8612
AJMIRGANJ HABIGANJ,Habiganj,24.5316,91.374
CHODDOGRM CUMILLA,Cumilla,23.4571,91.1809
CHANDANISH CTG,Chattogram,22.1789,91.9301
MTHAMAIN KISHARGANJ,Kishoreganj,24.5116,90.7802
CHAGONAIYA FENI,Feni,23.0319,91.3964
E.P.Z CTG,Chattogram,22.3023,91.7968
RAJASTALI RANGAMATI,Rangamati,22.3715,92.2062
HALISHAR CTG,Chattogram,22.366,91.8157
VAMDARIA FIROZPUR,Firozpur,22.812,89.5635
CHAWKBAZAR CTG,Chattogram,22.3569,91.8413
SADAR KHAGRACHARI,Khagrachari,23.1078,91.9723
MIRSHARAI CTG,Chattogram,22.7765,91.5699
PATHIYA CTG,Chattogram,22.4213,91.8781
FATIKCHAR CTG,Chattogram,22.5943,91.7916
MODHUPUR TANGAIL,Tangail,24.6065,90.0506
CHOWDHURY PARA RAMGHAR KHAGRACHARI,Khagrachari,22.9875,91.9192
KOMOLGANJ MOWLUVIBAZAR,Moulvibazar,24.3078,91.7321
LALPUR NATORE,Natore,24.3965,89.0567
RUHIYA THAKURGAON,Thakurgaon,26.0415,88.4645
MOTLOB CHANDPUR,Chandpur,23.2569,90.6431
BAGHA RAJSAHI,Rajshahi,24.1851,88.7023
POTENGA CTG,Chattogram,22.2487,91.7923
SADAR BANDARBAN,Bandarban,22.1953,92.2184
KHATUNGANJ CTG,Chattogram,22.3396,91.8326
DOUBLEMORING CTG,Chattogram,22.3305,91.8314
DIGINALA KHAGRACHARI,Khagrachari,23.145,91.9647
LALMAI CUMILLA,Cumilla,23.401,91.0868
NOBI NAGAR B-BARIA,Brahmanbaria,23.9345,91.1155
NOBINAGAR CUMILLA,Cumilla,23.4571,91.1185
SONAPUR LUXMIPUR,Laxmipur,22.9614,90.8404
KAWNIA BARISHAL,Barishal,22.701,90.3535
MIRESHARAI CTG,Chattogram,22.7765,91.5699
ULLAHPARA SIRAJGANJ,Sirajganj,24.3377,89.5886
JURAMURI RANGAMATI,Rangamati,22.4925,92.2131
BAJITPUR KISORGANJ,Kishoreganj,24.2117,90.9584
SADAR SYLHET,Sylhet,24.8979,91.8687
LUXMIPUR FENI,Feni,22.9467,91.3853
KOTOWALI RANGAMATI,Rangamati,22.6373,92.2146
SADAR JAMALPUR,Jamalpur,24.9255,89.9651
HALISAHAR CTG,Chattogram,22.366,91.8157
SOTAKUNDA CTG,Chattogram,22.7799,91.6559
KAJIPUR SIRAJGANJ,Sirajganj,24.6568,89.6939
CHANDRAGANJ LUXMIPUR,Laxmipur,22.9445,90.8494
KATIYADI KISHARGANJ,Kishoreganj,24.3316,90.7549
KASEMPARA BANDARBAN,Bandarban,22.187,92.1973
MOTBARIA FIROZPUR,Firozpur,22.5804,89.9702
CHAKBAZAR CTG,Chattogram,22.3569,91.8413
VANGORA CUMILLA,Cumilla,23.4571,91.1809
TECKNAF COX'SBAZAR,Cox's Bazar,20.8637,92.3018
CHAWKBAZAR CTTG,Chattogram,22.3569,91.8413
"COMPANYGANJ,NOAWAKH ALI",Noakhali,22.8672,91.2834
"RANGUNIYA,CTG.",Chattogram,22.4625,91.9442
"LAMA,BANDARBAN",Bandarban,21.5704,92.1771
"ANOWARA,CTG.",Chattogram,22.2351,91.8459
"POTIYA,CTG.",Chattogram,22.2937,91.977
"AKBORSHAH,CTG.",Chattogram,22.3986,91.8228
SHAHARASTI CHANDPUR,Chandpur,23.2431,90.9856
MANIRAMPUR JASSARE,Jashore,23.0297,89.2155
LETRA BHOLA,Bhola,22.6793,90.644
KULSHI CTG,Chattogram,22.3964,91.8245
KOCHUA CHANDPUR,Chandpur,23.2602,90.9562
COSBA B-BARIA,Brahmanbaria,23.9483,91.132
BAJUNIA GOPALGANJ,Gopalganj,23.0159,89.8266
MEHEDIGANJ BARISHAL,Barishal,22.8355,90.3709
BURCHANG CUMILLA,Cumilla,23.452,91.1916
SADAR SATKHIRA,Satkhira,22.7156,89.0702
VANGAR CUMILLA,Cumilla,23.4571,91.1809
SHIBGANJ BAGURA,Bogura,24.6837,88.1606
MANDARI LUXMIPUR,Laxmipur,22.9504,90.8331
POTIYA CTG,Chattogram,22.2937,91.977
CHANDANASIH CTG,Chattogram,22.179,91.9301
CHARFASHION BHOLA,Bhola,22.0325,90.7185
FULGAZI FENI,Feni,23.0733,91.3824
MIRESSHARAI CTG,Chattogram,22.7765,91.5699
FIRINGI BAZAR CTG,Chattogram,22.3419,91.8354
CHANDANIASH CTG,Chattogram,22.1789,91.9301
PAHARTOLI CTG,Chattogram,22.3775,91.8196
NIKLI KISHORGANJ,Kishoreganj,24.3452,90.9884
DANGUNBHUIYAN FENI,Feni,23.0321,91.4018
KOLAPARA POTUAKHALI,Patuakhali,21.9866,90.2772
DOUBLE MORING CTG,Chattogram,22.3294,91.8326
TECHNAF COX'S BAZAR,Cox's Bazar,20.8637,92.3018
HAJIGANJ CHANDPUR,Chandpur,23.2525,90.8551
DOULOTFUR MANIKGANJ,Manikganj,23.8625,89.9867
BAKALI CTG,Chattogram,22.3858,91.8413
NONIYAR CHAR RANGAMATI,Rangamati,22.6352,92.2205
NONIYARCHAR RANGAMATI,Rangamati,22.6389,92.2164
RAMGAR RANGAMATI,Rangamati,23.0542,92.2042
BAKIGANJ FARIDPUR,Faridpur,23.5084,89.6348
UTTAR TUMCHAR LUXMIPUR,Laxmipur,22.952,90.8266
HAISCHAR CHADNPUR,Chandpur,23.2393,90.9735
TRISSAL MOYMONSING,Mymensingh,24.6319,90.4034
CHANDRAGONA RANGUNIA,Chattogram,22.4695,91.9461
KAZIPARA SITAKUNDA,Chattogram,22.612,91.6766
KHASIAPARA CHAWKBAZAR,Chattogram,22.3569,91.8413
CAPACHARI BASHKHALI,Chattogram,22.1948,91.9191
KADURKHIL BOALKHALI,Chattogram,22.2728,91.8724
UTTAR MADRASA HATHAZARI,Chattogram,22.4767,91.7905
KALURCHAR CUMILLA,Cumilla,23.4611,91.1809
BAKHTIYARPARA ANOWARA,Chattogram,22.2351,91.8459
C & B KALURGHAT,Chattogram,22.3485,91.7949
WIRELESS COLONY KHULSI,Chattogram,22.3972,91.8255
BARISHAL,Barishal,22.701,90.3535
BIBIR HAT PANCHLAISH,Chattogram,22.3738,91.8007
DANIYTALA PARA KADAMTALI,Chattogram,22.3569,91.8222
BETAGI RANGUNIA,Chattogram,22.4562,91.934
BORO KUMIRA SITAKUNDA,Chattogram,22.6125,91.6784
GITA ASROM RIJERBBAZAR RANGAMATI,Rangamati,22.6442,92.1968
ABURKHIL RAOJAN CTG,Chattogram,22.5931,91.8498
NABIA SARIYATPUR,Shariatpur,23.1864,90.355
FARHADNAGAR FENI,Feni,23.0188,91.4084
KOIGRAM POTIYA CTG,Chattogram,22.2953,91.9791
FATEYABADH HATHAJARI CTG,Chattogram,22.4983,91.8091
MOHIRCHAIL CHANDINA CUMILLA,Cumilla,23.4895,91.1585
DULAHAJERA CHAKARIA COX'S BAZAR,Cox's Bazar,21.816,92.0785
SUIPURA SATKANIA CTG,Chattogram,22.0756,91.9648
KANCHANNAGAR FATIKCHARI CTG,Chattogram,22.7557,91.6717
SOUTH BURUMCHARA BASHKHALI CTG,Chattogram,22.0842,91.8805
KATHGOR POTENGA CTG,Chattogram,22.2816,91.7998
SOUTH NAJIRPUR SADAR NOAKHALI,Noakhali,22.7917,91.0992
BAIZID BOSTAMI R/A BAIZID CTG,Chattogram,22.3928,91.8276
EAST FIROJSHAH COLONY AKBARSHAH CTG,Chattogram,22.3513,91.8147
"RANGUNIA, CTG",Chattogram,22.4562,91.934
"SANDWIP, CTG",Chattogram,22.4857,91.4745
"SITAKUNDA, CTG",Chattogram,22.614,91.6756
"CHAKARIA, CTG",Chattogram,21.8308,92.0725
"HALISHAHAR, CTG",Chattogram,22.3569,91.81
"HATHAZARI, CTG",Chattogram,22.4639,91.8024
"KHULSHI, CTG",Chattogram,22.3972,91.8255
"SATKANIA, CTG",Chattogram,22.066,91.9645
"CHANDANISH, CTG",Chattogram,22.2522,91.9175
"BHUJPUR, CTG",Chattogram,22.6038,91.8101
"AKBARSHAH, CTG",Chattogram,22.3545,91.8192
"RAWZAN, CTG",Chattogram,22.5332,91.9238
"BANSKHALI, CTG",Chattogram,22.0605,91.8788
"DOUBLE MOORING, CTG",Chattogram,22.3294,91.8326
"MOHESHKHALI, COX'S BAZAR",Cox's Bazar,21.5064,91.954
"FATIKCHARI, CTG",Chattogram,22.7709,91.6745
"SHAHEB BAZAR, CHANDPUR",Chandpur,23.2379,90.6485
"CHODDOGRAM, CUMILLA",Cumilla,23.4589,91.1823
"PANCHLAISH, CTG",Chattogram,22.361,91.8054
"TAKNAF, COX'S BAZAR",Cox's Bazar,20.8637,92.3018
"ANOWARA, CTG",Chattogram,22.2351,91.8459
"COMPANYGANJ, NOAKHALI",Noakhali,22.8672,91.2834
"SHENBAG, NOAKHALI",Noakhali,22.838,91.0821
"BOALKHALI, CTG",Chattogram,22.2506,91.9014
"BAYZID, CTG",Chattogram,22.3928,91.8276
"MIRARSORI, CTG",Chattogram,22.7645,91.6488
"BAIZID, CTG",Chattogram,22.3928,91.8276
"BANDAR, CTG",Chattogram,22.3431,91.8408
"SANDIP, CTG",Chattogram,22.4857,91.4745
"BAKOLIA, CTG",Chattogram,22.3389,91.8477
"CHANDANAISH, CTG",Chattogram,22.2522,91.9175
"SWANDIP, CTG",Chattogram,22.4857,91.4745
"HATIA, NOAKHALI",Noakhali,22.3833,91.1
"CHANDGAON, CTG",Chattogram,22.3666,91.8314
"BARGABAZAR, CHANDPUR",Chandpur,23.2393,90.6344
"HAZIRBAZAR, FENI",Feni,22.9375,91.412
"RAMGANJ, LAXMIPUR",Laxmipur,23.1033,90.8503
"KARNAPHULI, CTG",Chattogram,22.3205,91.8631
"PAHARTALI, CTG",Chattogram,22.3636,91.8036
"PATIYA, CTG",Chattogram,22.2937,91.9826
"KOTOWALI, CTG",Chattogram,22.348,91.8295
"BUBLEMOORING, CTG",Chattogram,22.33,91.8369
"FATIKCHARI, CTG",Chattogram,22.7709,91.6745
"RANGUNIA, CTG",Chattogram,22.4562,91.934
"AKBARSHAH, CTG",Chattogram,22.3545,91.8192
"E.P.Z, CTG",Chattogram,22.2806,91.7898
"HATHAZARI, CTG",Chattogram,22.4639,91.8024
"HALISHAHAR, CTG",Chattogram,22.3569,91.81
"SATKANIA, CTG",Chattogram,22.066,91.9645
"SITAKUNDA, CTG",Chattogram,22.614,91.6756
"MIRSHORI, CTG",Chattogram,22.7645,91.6488
"SONAIMURI, NOAKHALI",Noakhali,22.976,91.1695
"KALURGHAT, CTG",Chattogram,22.3567,91.8111
"LOHAGARA, CTG",Chattogram,22.0559,92.0265
"CHAKARIA, COX'S BAZAR",Cox's Bazar,21.8308,92.0725
"MONOHARGANJ, COMILLA",Cumilla,23.285,91.1461
"POTENGA, CTG",Chattogram,22.2816,91.7998
"CHADDAGRAM, COMILLA",Cumilla,23.4589,91.1823
"MURADNAGAR, COOMILLA",Cumilla,23.5471,90.9732
"JORARGANJ, CTG",Chattogram,22.8657,91.4878
"SADARGHAT, CTG",Chattogram,22.3397,91.8342
"KOTOWALI, CTG",Chattogram,22.348,91.8295
"BEGUMGANJ, NOWAKHALI",Noakhali,22.9446,91.0989
"DOUBLEMURING, CTG",Chattogram,22.33,91.8369
"SAWNDIP, CTG",Chattogram,22.4857,91.4745
"PTAIYA, CTG",Chattogram,22.2937,91.9826
"FATIKCHARI, CTG",Chattogram,22.7709,91.6745
"RADHAKANTAPUR, MEHERPUR",Meherpur,23.7692,88.6318
"DEBIDWAR, CUMILLA",Cumilla,23.602,91.0264
"MURADNAGAR, COMILLA",Cumilla,23.5471,90.9732
"CHAKARIA, COX'S BAZAR",Cox's Bazar,21.8308,92.0725
"PATIA, CTG",Chattogram,22.2937,91.9826
"KAPTAI, CTG",Chattogram,22.4747,92.226
"LAMA, BANDARBAN",Bandarban,21.6764,92.2006
"ANOWARA, CTG",Chattogram,22.2161,91.844
"AKBORSHAH, CTG",Chattogram,22.3545,91.8192
"PANCHLAISH, CTG",Chattogram,22.3775,91.8373
"MIRARSHORI, CTG",Chattogram,22.7645,91.6488
"KALIDOHU, FENI",Feni,23.007,91.3874
"CHANDRAGANJ, NOAKHALI",Noakhali,22.9822,91.0781
"MOHASKHALI, COX'S BAZAR",Cox's Bazar,21.5346,91.8852
"E.P.Z, CTG",Chattogram,22.2806,91.7898
"CHAGOLNAYA, FENI",Feni,22.9304,91.3967
"TITAS, COMILLA",Cumilla,23.6139,90.9404
"MANIKCHARI, KHANGRACHARI",Khagrachari,22.8661,91.9336
"SUDHARAM, NOAKHALI",Noakhali,22.8289,91.1006
"CATKHIL, NOAKHALI",Noakhali,22.9653,91.0662
"KAPTAI, RANGAMATI",Rangamati,22.4747,92.226
"PEKUA, COX'S BAZAR",Cox's Bazar,21.838,91.8576
"MOHIPAL, FENI",Feni,22.9255,91.3994
"JURARGANJ, CTG",Chattogram,22.8657,91.4878
"LAXMIPUR, LAXMIPUR",Laxmipur,22.9445,90.8336
"SENBAG, NOAKHALI",Noakhali,22.9543,91.0942
"BOALKHALI, CTG",Chattogram,22.2785,91.9426
"CHANDANAISH, CTG",Chattogram,22.2522,91.9175
"PAHARTALI, CTG",Chattogram,22.3636,91.8036
"BHJUJPUR, CTG",Chattogram,22.7645,91.6488
"CHANDGOAN, CTG",Chattogram,22.3666,91.8314
"ANOWARA, CTY",Chattogram,22.2161,91.844
"CHADDAGRAM, COMILLA",Cumilla,23.4589,91.1823
"DAGONBHUIYAN, FENI",Feni,23.0285,91.3589
"E.P.Z, BANDAR",Chattogram,22.2806,91.7898
"SANDIP, CTG",Chattogram,22.4857,91.4745
"SITAKUNDA, CTG",Chattogram,22.6192,91.6501
"PORSHURAN, FENI",Feni,23.0166,91.3966
"BHANDARIA, PIROZPUR",Pirojpur,22.4867,89.9696
"RAWZAN, CTG",Chattogram,22.5187,91.9192
"SHAHRASTI, CHANDPUR",Chandpur,23.136,90.8766
"CHAKARIA, CTG",Chattogram,21.8308,92.0725
"PEKUA, COX'S BAZAR",Cox's Bazar,21.838,91.8576
"BANDAR, CTG",Chattogram,22.3158,91.7987
"DAGONBHUIYA, FENI",Feni,23.0285,91.3589
"POTENGA, CTG",Chattogram,22.2936,91.7921
"CHANDRAGONJ, LAXMIPUR",Laxmipur,22.9408,90.8411
"SATKANIA, CTG",Chattogram,22.07,91.9755
"CHANDGAON, CTG",Chattogram,22.3666,91.8314
"CHADDOGRAM, COMILLA",Cumilla,23.4589,91.1823
"KUTUBDIA, COX'S BAZAR",Cox's Bazar,21.8187,91.8576
"DOUBLEMOORING, CTG",Chattogram,22.3363,91.8239
"COMILLA SADAR, COMILLA",Cumilla,23.4553,91.1809
"CHNADANAISH, CTG",Chattogram,22.2522,91.9175
"FAZILPUR, FENI",Feni,23.0221,91.3982
"E.P.Z, CTG",Chattogram,22.2806,91.7898
"BAKALIA, CTG",Chattogram,22.3343,91.8426
"BAYZID, CTG",Chattogram,22.3661,91.832
"CHANDRAGHONA, RANGAMATI",Rangamati,22.5764,92.1832
"LANGADU, RANGAMATI",Rangamati,22.9258,92.196
"RAWJAN, CTG",Chattogram,22.5187,91.9192
"CHAWKBAZAR, CTG",Chattogram,22.3375,91.8369
"RAMGOTI, LAXMIPUR",Laxmipur,22.7859,90.8377
"KOCHUA, CHANDPUR",Chandpur,23.2531,90.9356
"BANSKHALI, CTG",Chattogram,22.0219,91.9445
"LAXMIPUR, FENI",Feni,23.0514,91.0931
"MUKSUDPUR, GOPALGANJ",Gopalganj,23.2234,89.8917
"KHULSHI, CTG",Chattogram,22.3671,91.8123
"HALISHAHAR, CTG",Chattogram,22.3287,91.7747
"BHAIRAB, KISHOREGANJ",Kishoreganj,24.0566,90.9754
"GUIMARA, BANDARBAN",Bandarban,22.6941,92.252
"SATHKANIA, CTG",Chattogram,22.07,91.9755
"SADARGHAT, CTG",Chattogram,22.3275,91.8321
"RANGAMATI, CTG",Chattogram,22.6307,92.211
"RANGUNIA, CTG",Chattogram,22.5401,91.8662
"BAYZID, CTG",Chattogram,22.3661,91.832
"PANCHLAISH, CTG",Chattogram,22.3507,91.8185
"PEKUA, COX'S BAZAR",Cox's Bazar,21.838,91.8576
"BANSKHALI, CTG",Chattogram,22.0219,91.9445
"CHANDGAON, CTG",Chattogram,22.3666,91.8314
"DOUBLE MURRING, CTG",Chattogram,22.3363,91.8239
"RANGANJ, LAXMIPUR",Laxmipur,22.8322,91.6607
"BHUJPUR, CTG",Chattogram,22.3896,91.8565
"LAMA, BANDARBAN",Bandarban,22.2351,92.3254
"MOHESKHALI, COX'S BAZAR",Cox's Bazar,21.54,91.9334
"SHAHRASTI, CHANDPUR",Chandpur,23.136,90.8766
"RANGAMATI SADAR, RANGAMATI",Rangamati,22.6341,92.2139
"HATIA, NOAKHALI",Noakhali,22.6585,91.1253
"RAWZAN, CTG",Chattogram,22.5187,91.9192
"KADAMTALI, KHANGRACHARI",Khangarhchari,23.2482,91.5875
"DOUBLEMOORING, CTG",Chattogram,22.3363,91.8239
"FATIKCHARI, CTG",Chattogram,22.5675,91.9419
"BANDAR, CTG",Chattogram,22.3158,91.7987
"MIRARSHORI, CTG",Chattogram,22.6192,91.6501
"CHAWKBAZAR, CTG",Chattogram,22.3375,91.8369
"RAJIBPUR, LAXMIPUR",Laxmipur,22.9671,91.8492
"BOALKHALI, CTG",Chattogram,22.2067,91.8545
"SATHKANIA, CTG",Chattogram,22.07,91.9755
"UZANIPARA, BANDARBAN",Bandarban,22.4874,92.3024
"TABALCHARI, RANGAMATI",Rangamati,22.4175,92.1056
"CHAGALNAIYA, FENI",Feni,23.0397,91.3386
"TEKNAF, COX'S BAZAR",Cox's Bazar,20.845,92.2874
"HATHAZARI, CTG",Chattogram,22.3023,91.7909
"BAKALIA, CTG",Chattogram,22.3343,91.8426
"PAHARTALI, CTG",Chattogram,22.2437,91.8401
"SONAGAZI, FENI",Feni,23.03,91.4186
"RAJASTHALI, RANGAMATI",Rangamati,22.8725,92.1452
"RAMGAR, KHANGRACHARI",Khangrachari,23.3115,91.5045
"KHULSHI, CTG",Chattogram,22.3671,91.8123
"NANGOLCORT, COMILLA",Cumilla,23.3972,91.1054
"UKHIA, COX'S BAZAR",Cox's Bazar,21.4658,92.0184
"BAGACHARI, RANGAMATI",Rangamati,22.5922,92.1952
"KARNAPHULI, CTG",Chattogram,22.2336,91.7772
"E.P.E, CTG",Chattogram,22.3005,91.8581
"LOHAGARA, CTG",Chattogram,22.4242,91.9729
"SAWNDIP, CTG",Chattogram,22.4701,91.9637
"SATKANIA, CTG",Chattogram,22.07,91.9755
"ANOWARA, CTG",Chattogram,22.2295,91.857
"COX'S BAZAR SADAR, COX'S BAZAR",Cox's Bazar,21.45,91.975
"SENBAG, NOAKHALI",Noakhali,23.0339,91.1693
"FULGAZI, FENI",Feni,23.0107,91.3358
"SHIBPUR, FENI",Feni,23.0363,91.3851
"BEGUMGANJ, NOAKHALI",Noakhali,23.029,91.3533
"BEGUMGANJ, NOAKHALI",Noakhali,23.029,91.3533
"JORARGANJ, MIRARSHORI",Chattogram,22.6214,91.6871
"LAMA, BANDARBAN",Bandarban,22.2351,92.3254
"CHAKARIA, COX'S BAZAR",Cox's Bazar,21.838,91.8576
"AKBORSHAH, CTG",Chattogram,22.2947,91.8474
"BAGHAICHHARI, RANGAMATI",Rangamati,22.6284,92.2492
"HALISHAHAR, CTG",Chattogram,22.3089,91.8235
"RANGAMATI SADAR, RANGAMATI",Rangamati,22.6341,92.2139
"E P Z, CTG",Chattogram,22.2883,91.8544
"CHAGOLNAYA, FENI",Feni,23.0397,91.3386
"KALURGHAT, CTG",Chattogram,22.2261,91.8294
AL-KORON,Chattogram,22.3706,91.7924
"LALKHAN BAZAR, CTG",Chattogram,22.3569,91.798
"CHOWKBAZAR, CTG",Chattogram,22.3375,91.8369
"EAST MADARBARI, CTG",Chattogram,22.3589,91.8374
"EIDGAHO, CTG",Chattogram,22.3214,91.8281
"JAMALKHAN, CTG",Chattogram,22.3147,91.7999
"KALA MEAH BAZAR, CTG",Chattogram,22.3491,91.7742
"ASHADGONJ, CTG",Chattogram,22.3591,91.8477
"BATARI GOLI, CTG",Chattogram,22.2845,91.7989
"ASODGANJ, CTG",Chattogram,22.2896,91.8492
"KOLPOLOK, CTG",Chattogram,22.3056,91.8483
"BAKOLIA, CTG",Chattogram,22.3343,91.8426
"PAHARTULI, CTG",Chattogram,22.2437,91.8401
"CHERAGI PAHAR, CTG",Chattogram,22.3417,91.8252
"ENAYET BAZAR, CTG",Chattogram,22.3494,91.8327
"CHANGAON, CTG",Chattogram,22.3512,91.8299
"LAL DIGHI PAR, CTG",Chattogram,22.3764,91.8175
"NONDANKANON, CTG",Chattogram,22.3732,91.8169
"DONIALAPARA, CTG",Chattogram,22.3578,91.8316
"KOLPOLOK A/A, CTG",Chattogram,22.3621,91.8272
"NORTH NALAPARA, CTG",Chattogram,22.3667,91.8231
"BAKOLIA, CTG",Chattogram,22.3343,91.8426
"JOLSHAHMARKAT, CTG",Chattogram,22.2872,91.8024
"MOTIARPUL, CTG",Chattogram,22.2888,91.8012
"KHULSHI, CTG",Chattogram,22.3671,91.8123
"MOTIAR PUL, CTG",Chattogram,22.2939,91.8009
"RANIRDIGIRPAR, CTG",Chattogram,22.3181,91.8055
"PATHARGHATA, CTG",Chattogram,22.3265,91.8034
"PATTANTULI, CTG",Chattogram,22.2841,91.8003
"JUBILI ROAD, CTG",Chattogram,22.3128,91.8363
"CHANGAO, CTG",Chattogram,22.3119,91.8204
"DONIALAPARA, CTG",Chattogram,22.3578,91.8316
"PATTANTULI, CTG",Chattogram,22.2841,91.8003
"NAJIRPUL, CTG",Chattogram,22.3267,91.8203
"NONDONKANON, CTG",Chattogram,22.3732,91.8169
"FIRINGIBAZAR, CTG",Chattogram,22.3141,91.8287
"KALAMEAH BAZAR, CTG",Chattogram,22.3491,91.7742
"BATTALI ROAD, CTG",Chattogram,22.3311,91.8306
"EIDGA, CTG",Chattogram,22.3214,91.8281
KOTOWALI,Chattogram,22.3329,91.839
FISHARIGHAT,Chattogram,22.322,91.8452
REYAJUDDIN BAZAR,Chattogram,22.3285,91.8219
KURNOFULLY CTG,Chattogram,22.2359,91.7927
NONDONKANON CTG,Chattogram,22.3732,91.8169
DAMPARA CTG,Chattogram,22.295,91.8543
B. BARIA,Barisal,22.8573,90.3624
TULATULI CTG,Chattogram,22.3523,91.8247
BANSHKHALI CHATTOGRAM,Chattogram,22.4696,91.7778
POTIYA,Chattogram,22.5042,91.7354
BOHDARHAT CHATTOGRAM,Chattogram,22.3241,91.8198
KISHORGONG,Kishoreganj,24.4523,90.7164
JAMAL KHAN CTG,Chattogram,22.3167,91.7993
MOGULTULI CTG,Chattogram,22.3666,91.77
ANDORKILLA CTG,Chattogram,22.3269,91.8017
DIDAR MARKET,Chattogram,22.3306,91.8069
CHAKTAI CTG,Chattogram,22.3356,91.8006
PATHERGHATA CTG,Chattogram,22.2952,91.8372
SODOR GHATE CTG,Chattogram,22.3324,91.8319
KOTWALI CTG,Chattogram,22.3329,91.839
KODOMTULI CTG,Chattogram,22.3462,91.8307
NONDON KANON CTG,Chattogram,22.3732,91.8169
MURADPUR CTG,Chattogram,22.315,91.8173
CHAKTAI CTG,Chattogram,22.3356,91.8006
D.C.ROAD.DEWANBAZAR CTG,Chattogram,22.3171,91.8233
WEST MADAR BARI CTG,Chattogram,22.3114,91.8317
KOTUALI CTG,Chattogram,22.3329,91.839
KODEMTULI CTG,Chattogram,22.3462,91.8307
PATHIRGHATA CTG,Chattogram,22.2952,91.8372
KHAJA ROAD CTG,Chattogram,22.3574,91.8034
MAHADIBAG C.D.A.COLONY CHAWKBAZAR CTG,Chattogram,22.3097,91.8262
BAKOLIA CHATTOGRAM,Chattogram,22.3343,91.8426
SABARIYA CHATTOGRAM,Chattogram,22.3658,91.8241
NORTH NALAPARA. CHATTOGRAM,Chattogram,22.3667,91.8231
SHIKALBAHA CHATTOGRAM,Chattogram,22.3586,91.8165
NORTH NALAPARA CHATTOGRAM,Chattogram,22.3667,91.8231
TIGERPAS CHATTOGRAM,Chattogram,22.3342,91.8263
GHATFORHATBAG CTG,Chattogram,22.2968,91.8197
CHANDGA CTG,Chattogram,22.3376,91.8134
PATHORGHATA CTG,Chattogram,22.2952,91.8372
KALA MEAH BAZAR,Chattogram,22.3491,91.7742
RAHATTARPUL CTG,Chattogram,22.362,91.8333
ENAYET BAZAR CTG,Chattogram,22.3494,91.8327
WEST MADERBARI CHATTOGRAM,Chattogram,22.3171,91.8233
KADOMTULI CHATTOGRAM,Chattogram,22.3462,91.8307
ANDORKILLA CHATTOGRAM,Chattogram,22.3269,91.8017
ROYPUR,Chattogram,22.296,91.8284
WEST BAKOLIA CHATTOGRAM,Chattogram,22.3312,91.8409
AGRABAD CHATTOGRAM,Chattogram,22.3262,91.7989
CHANDRON PURA CHATTOGRAM,Chattogram,22.3533,91.8241
ASKARDIGIR PAR. CHATTOGRAM,Chattogram,22.3532,91.8218
SUPARI PARA CHATTOGRAM,Chattogram,22.3442,91.827
BOUBAZAR CHATTOGRAM,Chattogram,22.3385,91.8224
KAZIR DEWRI CTG,Chattogram,22.3475,91.8304
BOU BAZAR CTG,Chattogram,22.3385,91.8224
TANGAIL,Tangail,24.2492,90.8311
FOTICKCHORI CTG,Chattogram,22.3201,91.8367
"BARO KUMIRA, SITAKUNDA, CTG",Chattogram,22.372,91.8445
"MORIUMNAGAR, RANGUNIA, CTG",Chattogram,22.4512,91.845
"KUMIRA, SITAKUNDA, CTG",Chattogram,22.372,91.8445
"AUSHTODHURUN, SENBAG, NOAKHALI",Noakhali,23.065,91.0581
"T.P.P COLONY, KHULSHI, CTG",Chattogram,22.346,91.7887
"NAZIRPUL, DOUBLE MURING, CTG",Chattogram,22.3199,91.8297
"DUMURSHIA, MOHAMMADPUR",Feni,23.1345,91.3712
"M-KACHAR, SADAR, FENI",Feni,23.101,91.401
"CHIKDAIR, RAOZAN, CTG",Chattogram,22.3594,91.828
"HAFURGHARA, DEBIDDAR, CUMILLA",Cumilla,23.4575,91.249
"GACHBARIA, MIRSARAI, CTG",Chattogram,22.3015,91.8885
"SULTANPUR, B-BARIA",Barisal,22.8305,90.4817
"EAST GUMDONDI, BOALKHALI, CTG",Chattogram,22.352,91.7612
"SREEYANG, LAKSHAM",Laksham,23.095,91.464
"NATUNPARA, AKBARSHAH, CTG",Chattogram,22.3395,91.7866
"RAZANAGAR, RANGUNIA",Chattogram,22.4642,91.8239
"BODYAPARA, BOALKHALI",Chattogram,22.3398,91.7993
"HALISHAHAR, CTG",Chattogram,22.3497,91.7735
"UPAHAR, BAYAZID",Chattogram,22.343,91.7875
"DIMDUL, BARURA",Barura,23.0942,91.4202
"M. RAMPUR, HALISHAHAR",Chattogram,22.3152,91.7719
"BHOBANIPUR, MURADNAGAR",Chattogram,22.2857,91.7562
"WEST MADERBARI, BANDAR, CTG",Chattogram,22.3191,91.8285
"1 NO S, PAHARTOLI, HATHAZARI",Chattogram,22.1715,91.7867
"SACHAR, KACHUA, CHANDPUR",Chandpur,23.2271,91.146
"DOLINAGAR, LALMOHAN, BHOLA",Bhola,22.7347,90.5363
"SHANTIRHAT, MIRSARAI, CTG",Chattogram,22.3492,91.8873
"JOYPUR, JORARGONJ",Chattogram,22.3179,91.8149
"LOHARPUR, SITAKUNDA, CTG",Chattogram,22.3947,91.8636
"AMAN BAZAR, HATHAZARI, CTG",Chattogram,22.1418,91.7733
"SHAKPURA, BOALKHALI, CTG",Chattogram,22.3405,91.806
"MISSION AREA, RANGUNIA, CTG",Chattogram,22.4532,91.8471
"MADARBARI, SADARGHAT, CTG",Chattogram,22.3101,91.827
"MAITBHANGA, SANDWIP, CTG",Chattogram,22.7084,91.734
"MONSHA, PATIYA, CTG",Chattogram,22.35,91.8277
"NOBINAGAR, B-BARIA",Barisal,22.8492,90.3967
"BIZBAG, SENBAG",Noakhali,23.1485,91.0726
"MOGDHARA, SANDWIP, CTG",Chattogram,22.663,91.7369
"2 NO GATE, DEWANHAT, CTG",Chattogram,22.3546,91.8092
"EAST BAROBAULA, CHAKARIA",Chattogram,22.353,91.7832
"DOULATPUR, KARNAFULY, CTG",Chattogram,22.2664,91.8335
"SHEIR NAGAR, BELKUCHI",Chattogram,22.487,91.7793
"GOPINATHPUR, KAZIPARA",Chattogram,22.4431,91.8094
"RAOZAN, CTG",Chattogram,22.4952,91.7308
"N, AMBARIA, MIRSARAI, CTG",Chattogram,22.33,91.7595
"HAMIDCHAR, CHANDGAO, CTG",Chattogram,22.2901,91.7825
"MOHESHPUR, DEBIDDAR",Barisal,22.7953,90.5201
"SAJONPUR, NIKLI",Mymensingh,24.7062,90.8439
"ANANDABAZAR, BANDAR, CTG",Chattogram,22.3294,91.8302
"S, DHARMAPUR, FATIKCHARI, CTG",Chattogram,22.264,91.736
"SOUTH AMBARIA, MIRSARAI, CTG",Chattogram,22.3415,91.7542
"BHOALIAPARA, SATKANIA, CTG",Chattogram,22.239,91.7228
"CHAPORA, POTIYA, CTG",Chattogram,22.2705,91.8272
"N, DALALPUR, HAKIM UDDIN",Barisal,22.822,90.4321
"FAKIRHAT, SITAKUNDA, CTG",Chattogram,22.4097,91.809
"DAGONBHUIYAN, LAXMIPUR",Laxmipur,23.1893,91.7103
"MASTERPOL, BAKALIA, CTG",Chattogram,22.3274,91.7416
"SHAHEDAPUR, NANGALKOT, CUMILLA",Cumilla,23.3501,91.1064
"GAZIPUR, MIRPUR",Dhaka,23.8103,90.4113
"DHURUNG, FATIKCHARI",Chattogram,22.2685,91.7562
"HORISHPUR, SANDWIP",Chattogram,22.6843,91.7565
"BOIRAG, ANOWARA, CTG",Chattogram,22.2532,91.7443
"HATIYATOLI, LAXMIPUR",Laxmipur,23.1269,91.6528
"SOUTH ALIPUR, DAGONBHUIYAN, FENI",Feni,23.0504,91.419
"NOAPARA, RAOZAN, CTG",Chattogram,22.4786,91.7205
"KINDURBAG, BEGUMGONJ",Chattogram,22.236,91.769
"SOMITIRHAT, HATHAZARI, CTG",Chattogram,22.4321,91.8002
"JALALABAD, KHULSHI, CTG",Chattogram,22.366,91.7521
"DOSHLIA, SADULLAHPUR, GAIBANDHA",Gaibandha,25.3034,89.5578
"KUNARAM, BISWANATH",Sylhet,24.7116,91.954
"PAULPARA, LAXMIPUR",Laxmipur,23.179,91.7021
"GUNODWEIP, ANOWARA, CTG",Chattogram,22.4393,91.7649
"ISLAMIARHAT, POTENGA, CTG",Chattogram,22.2627,91.783
"BARODONA, SATKANIA, CTG",Chattogram,22.2636,91.7523
"BAGGHONA, KHULSHI, CTG",Chattogram,22.3593,91.7705
"BURUMCHARA, ANOWARA, CTG",Chattogram,22.4681,91.7426
"SATHBHAIYA, NANGALKOT",Cumilla,23.2007,91.2346
"NOAGAO, RANGUNIA, CTG",Chattogram,22.4213,91.8456
"SONAPUR, BEGUMGONJ",Chattogram,22.2978,91.7961
"BOIDYARHAT, FATIKCHARI, CTG",Chattogram,22.2597,91.773
"GHORISHAL, MORIA",Mymensingh,24.7365,90.9263
"MAYANI, LONGADU, RANGAMATI",Chattogram,22.6708,92.0423
"SADHONPUR, BANSHKHALI, CTG",Chattogram,22.2952,91.6935
"CHIRINGA, CHAKARIA",Chattogram,22.1437,91.7855
"FATEHPUR, FATIKCHARI",Chattogram,22.2714,91.7379
"KOTOWALI, MYMANSINGHA",Mymensingh,24.7401,90.3773
"HAZIGONJ, CHANDPUR",Chandpur,23.2361,91.7326
"FOYEZ LAKE, AKBARSHAH, CTG",Chattogram,22.3241,91.7678
"NIZRA, GOPALGONJ",Barisal,22.6892,90.5332
"KOIBALYADHAM, AKBARSHAN, CTG",Chattogram,22.415,91.7926
"KHUCHRAKATHI, BAUFOL",Barisal,22.6798,90.5564
"BAROTAKIA, MIRSARAI, CTG",Chattogram,22.3407,91.7489
"TULA BARIA, MIRSARAI, CTG",Chattogram,22.365,91.7425
"A.K.M. NOAPARA, PAHARTOLI, CTG",Chattogram,22.531,91.7303
"EIDGHA, HALISHAHAR, CTG",Chattogram,22.3389,91.7417
"CHARKAKRA, COMPANIGONJ, NOAKHALI",Noakhali,22.981,91.0894
"BANSHBARIA, SITAKUNDA, CTG",Chattogram,22.466,91.791
"CHANDRAGHONA, KAPTAI, RANGAMATI",Rangamati,22.5706,92.2645
"MIDDLE BAGGA, CHARJOBBAR, NOAKHALI",Noakhali,22.9503,91.0153
"KASHIYA, PATIYA, CTG",Chattogram,22.2254,91.8221
"MANDRA, NANGALKOT, CUMILLA",Cumilla,23.3657,91.1369
"GACHUA, MULADI",Barisal,22.7622,90.7192
"PERIYA BAZAR, NANGALKOT",Cumilla,23.2804,91.1692
"SHIKOLBAHA, KARNAFULY",Chattogram,22.2358,91.7195
"FATEHNAGAR, RAOZAN",Chattogram,22.4891,91.713
"DHARMAPUR, FATIKCHARI, CTG",Chattogram,22.264,91.736
"EAST GOBANIA, MIRSARAI, CTG",Chattogram,22.3415,91.7542
"EAST GOBANIA, MIRSARAI, CTG",Chattogram,22.3415,91.7542
"HAZIGAO, BANSHKHALI, CTG",Chattogram,22.3661,91.7697
"SARWATOLI, BOALKHALI, CTG",Chattogram,22.2146,91.7839
"PADUA, RANGUNIA, CTG",Chattogram,22.5754,91.8152
"HAILDHAR, ANOWARA, CTG",Chattogram,22.4529,91.7795
"SHAHAPUR, LAKSHAM, CUMILLA",Cumilla,23.1811,91.192
"TECPARA, COX'S BAZAR",Chattogram,21.4694,92.03
"BIBIRHAT, PUNCHLAISH, CTG",Chattogram,22.2468,91.7112
"BAURIA, SANDWIP",Chattogram,22.5667,91.7615
"N, KATTOLI, AKBARSHAH",Chattogram,22.4546,91.8323
"GORELA, POTIYA",Chattogram,22.3184,91.8082
"RANGIPARA, N, AGRABAD",Chattogram,22.3666,91.7678
"JAFARNAGAR, SITAKUNDA",Chattogram,22.3122,91.7362
"RASHIDPUR, SONAIMURI",Chattogram,22.3651,91.7119
"HORISHPUR, JHINAIDAHA",Chattogram,22.6859,91.8267
"RAZANAGAR, BAUFOL",Barisal,22.7801,90.6762
"HILLVIEW, PUNCHLAISH, CTG",Chattogram,22.2945,91.7536
"SARWATOLI, BOALKHALI",Chattogram,22.2146,91.7839
"SHIBPUR, HOMNA, CUMILLA",Cumilla,23.2405,91.1119
"KAJIR DIGHI, PAHARTOLI",Chattogram,22.5665,91.7297
"TEDTA, SHIBALOY",Barisal,22.7708,90.5416
"HARAMIA, SANDWIP, CTG",Chattogram,22.5501,91.7435
"BIL NOLCHUNGI, VHAUYAMARA, SADAR, SIRAJGONJ",Rajshahi,24.2174,88.904
"BOILTOLI, CHANDONAISH",Barisal,22.5358,90.6439
"SORAFBHATA, RANGUNIA",Chattogram,22.5869,91.7804
"RASULPUR, CHARJABBAR, NOAKHALI",Noakhali,22.8326,91.0705
"PAKA RASTAR MATHA, AKBARSHAH, CTG",Chattogram,22.4449,91.7361
"NAYANPUR, MONOHORGONJ",Khulna,22.9382,89.6967
"NATUN BAZAR, RAOZAN",Chattogram,22.4467,91.7022
"GOURIPUR, SADAR, NOAKHALI",Noakhali,23.1002,91.1705
"MADUNAGHAT, HATHAZARI, CTG",Chattogram,22.3707,91.7521
"PAKUTIA, NAGARPUR, TANGAIL",Tangail,24.2673,89.9091
"BINANIHARA, POTIYA, CTG",Chattogram,22.3214,91.8183
"DEPUYAR PAR, MORALGONJ, BAGERHAT",Bagerhat,22.6777,89.8622
"BETAGI, RANGUNIA, CTG",Chattogram,22.5978,91.798
"MONSURABAD, DOUBLE MURING, CTG",Chattogram,22.2975,91.7723
"BHUIYAN GRAM, MIRSARAI, CTG",Chattogram,22.3545,91.7927
"NANUPUR, FATIKCHARI, CTG",Chattogram,22.5279,91.6946
"BHUIYAN GRAM, MIRSARAI, CTG",Chattogram,22.3545,91.7927
"N, MADARSHA, HATHAZARI, CTG",Chattogram,22.301,91.8316
"BASHUDEB CHAND, HATURIA, SHARIYETOUR",Khulna,22.6878,89.1767
"NOYAKHOLA, CHATKHIL, NOAKHALI",Noakhali,22.8693,91.1371
"H NO:1, LANE NO: 16, BLOCK - J, HALISHAHAR, CTG",Chattogram,22.3458,91.7592
"BATISHA, CHADDOGRAM, CUMILLA",Cumilla,23.4562,91.2056
"SATHGAO, ELIYATGONJ, CHANDINA, CUMILLA",Cumilla,23.3144,91.1392
"DOULATPUR, FAJIL KHAR HAT, POTIYA, CTG",Chattogram,22.595,91.7583
"N, BHATARKHIL, SITAKUNDA, CTG",Chattogram,22.338,91.7207
"NOYAPARA, PATANISH, HAZIGONJ, CHANDPUR",Chandpur,23.2174,90.7495
"RASULABAD, NOBINAGAR, CUMILLA",Cumilla,23.4333,91.1348
"EAST MURADPUR, SITAKUNDA, CTG",Chattogram,22.3402,91.7075
"CHORDDAGOHIRA, ANOWARA, CTG",Chattogram,22.484,91.739
"KHIRAM, FATIKCHARI, CTG",Chattogram,22.2712,91.704
"EAST BABUNAGAR, BEGUMGONJ, NOAKHALI",Noakhali,22.895,91.1106
"KESHABPUR, SITAKUNDA, CTG",Chattogram,22.4139,91.7452
"SHINGHANAGAR, CHAGOLNAIYA, FENI",Feni,23.0195,91.396
"2 NO JOYNAGAR, CHOWKBAZAR, CTG",Chattogram,22.3176,91.8009
"ASHAMBOSTI, SHANTINAGAR, KOTOWALI, RANGAMATI",Rangamati,22.6634,92.1685
"GHATCHECK, RANGUNIA, CTG",Chattogram,22.5498,91.8036
"NOYABAZAR, TECHNAF, COX'S BAZAR",Cox's Bazar,21.451,92.0301
"MADARSHAH, HATHAZARI, CTG",Chattogram,22.2933,91.8349
"SHMSHERPARA, RAOZAN, CTG",Chattogram,22.4872,91.6983
"RASULPUR, BEGUMGONJ, NOAKHALI",Noakhali,22.8499,91.1581
"MIDDLE MOHADEBPUR, SITAKUNDA, CTG",Chattogram,22.3897,91.7369
"PUINCHARI, BAHADDARHAT, BANSHKHALI, CTG",Chattogram,22.4958,91.7172
"RUPSHA, KHULNA",Khulna,22.8067,89.5225
"KHALILABAD, NATOWAN BAGICHA, RAOZAN, CTG",Chattogram,22.452,91.7012
"ALI MENSION, M.M.ALI ROAD, LALKHAN BAZAR, CTG",Chattogram,22.3389,91.7815
"H NO: 5, BLOCK-J, R NO: 01, HALISHAHAR, CTG",Chattogram,22.3551,91.7605
"BOTTOLI, BAYAZID, CTG",Chattogram,22.3167,91.8113
"MOSAJIDDA, SITAKUNDA, CTG",Chattogram,22.3812,91.7636
"SOUTH KATTOLI, SAGARIKA ROAD, PAHARTOLI, CTG",Chattogram,22.2243,91.8106
"SOUTH KATTOLI, CUSTOM ACADEMY, PAHARTOLI, CTG",Chattogram,22.2342,91.8038
"RADHAPUR, LAXMIPUR",Lakshmipur,23.1185,91.0531
"RAHMATERPARA, BANSHBARIA, SITAKUNDA, CTG",Chattogram,22.3302,91.748
"BASHIR TENDER BARI, CHANDGAO, CTG",Chattogram,22.3429,91.756
"SHAFI NAGAR, KATIRHAT, HATHAZARI, CTG",Chattogram,22.2805,91.837
"SOUTH SODAHA, KOROIYA, NAGAR, SATKANIA, CTG",Chattogram,22.3075,91.7483
"EAST HAIDKANDI, DAMDAMA, MIRSARAI, CTG",Chattogram,22.3409,91.764
"CHARKOILASH, OCHKHALI, HATIYA, NOAKHALI",Noakhali,22.852,91.0473
"SHALDAHA, GUNGNI, MEHER PUR",Meherpur,23.3576,90.569
"KOLAGAO, CHARKANAI, PATIYA, CTG",Chattogram,22.3191,91.8244
"NATUNBAZAR, COMPANIGONJ, NOAKHALI",Noakhali,22.8019,91.0426
"1 NO PUKURIA, BANSHKHALI, CTG",Chattogram,22.2855,91.7389
"NORTH BHURSHI, SARWATOLI, BOALKHALI, CTG",Chattogram,22.2254,91.7413
"LAXMIPUR, CHANDPUR",Chandpur,23.2005,90.7541
"NEW SENBAG, KEDIRHAT",Rangamati,22.5592,92.1987